{"cameraMode":{"drawMode":0,"name":"Shaded","section":"Shading Mode"},"sceneLighting":false,"audioPlay":false,"sceneViewState":{"m_AlwaysRefresh":false,"showFog":false,"showSkybox":false,"showFlares":false,"showImageEffects":false,"showParticleSystems":false,"showVisualEffectGraphs":true,"m_FxEnabled":true},"in2DMode":false,"pivot":{"x":-0.6999626159667969,"y":12.163989067077637,"z":-0.0415797233581543},"rotation":{"x":-0.008004861883819104,"y":-0.9915181398391724,"z":0.0751032829284668,"w":-0.10570099204778671},"size":16.258474349975587,"orthographic":false}